NewTarget,Confidence,BoundingBoxWidth,BoundingBoxHeight,BoundingBoxLeft,BoundingBoxTop,AgeRangeLow,AgeRangeHigh,SmileConfidence,EyeglassesConfidence,SunglassesConfidence,GenderConfidence,BeardConfidence,MustacheConfidence,EyesOpenConfidence,MouthOpenConfidence,eyeLeftX,eyeLeftY,eyeRightX,eyeRightY,mouthLeftX,mouthLeftY,mouthRightX,mouthRightY,noseX,noseY,leftEyeBrowLeftX,leftEyeBrowLeftY,leftEyeBrowRightX,leftEyeBrowRightY,leftEyeBrowUpX,leftEyeBrowUpY,rightEyeBrowLeftX,rightEyeBrowLeftY,rightEyeBrowRightX,rightEyeBrowRightY,rightEyeBrowupX,rightEyeBrowupY,leftEyeLeftX,leftEyeLeftY,leftEyeRightX,leftEyeRightY,leftEyeUpX,leftEyeUpY,leftEyeDownX,leftEyeDownY,rightEyeLeftX,rightEyeLeftY,rightEyeRightX,rightEyeRightY,rightEyeUpX,rightEyeUpY,rightEyeDownX,rightEyeDownY,noseLeftX,noseLeftY,noseRightX,noseRightY,mouthUpX,mouthUpY,mouthDownX,mouthDownY,leftPupilX,leftPupilY,rightPupilX,rightPupilY,upperJawlineLeftX,upperJawlineLeftY,midJawlineLeftX,midJawlineLeftY,chinBottomX,chinBottomY,midJawlineRightX,midJawlineRightY,upperJawlineRightX,upperJawlineRightY,PoseRoll,PoseYaw,PosePitch,QualityBrightness,QualitySharpness,SmileValue_ False,EyeglassesValue_ False,SunglassesValue_ False,GenderValue_ 'Male',BeardValue_ False,MustacheValue_ False,EyesOpenValue_ False,EyesOpenValue_ True,MouthOpenValue_ False
Relaxed,99.9996566772461,0.3766952157020569,0.3614707291126251,0.15781477093696594,0.2577103078365326,23,35,98.36376190185548,97.09141540527344,99.19938659667969,99.57589721679688,67.16785430908203,79.05050659179688,77.2153549194336,89.98631286621094,0.4035730063915253,0.36727139353752136,0.3999873101711273,0.542025089263916,0.25862687826156616,0.3818427920341492,0.25575804710388184,0.5270569920539856,0.34020665287971497,0.4721376895904541,0.4313929378986359,0.29459241032600403,0.4558914005756378,0.35537707805633545,0.450192928314209,0.4097033739089966,0.4480161666870117,0.5106311440467834,0.4516709744930267,0.5584454536437988,0.4252887666225433,0.6000751852989197,0.4025124311447144,0.3334079682826996,0.4011389017105103,0.4013442695140839,0.4113917648792267,0.3674379289150238,0.3968659341335297,0.3677004277706146,0.3989446759223938,0.5070881247520447,0.39779072999954224,0.5706431269645691,0.4077868461608887,0.5432590842247009,0.3934003710746765,0.5409886240959167,0.31413358449935913,0.4271441698074341,0.3129602670669556,0.4921926259994507,0.2805154323577881,0.4610868394374848,0.2348808944225312,0.4579914212226868,0.4035730063915253,0.36727139353752136,0.3999873101711273,0.542025089263916,0.37738263607025146,0.2332414537668228,0.22325430810451508,0.27140194177627563,0.153232142329216,0.4491337537765503,0.21776168048381805,0.5830425620079039,0.3699358701705933,0.617382824420929,92.07913208007812,7.109546661376952,11.197200775146484,56.22782897949219,86.86019134521484,1.0,1.0,1.0,1.0,0.0,1.0,0.0,1.0,1.0
Relaxed,99.99928283691406,0.35597309470176697,0.3520500957965851,0.4104219079017639,0.39160117506980896,26,40,96.2912139892578,90.19600677490234,97.40895080566406,99.30001831054688,65.45662689208984,83.86550903320312,98.03255462646484,75.57807159423828,0.5398080348968506,0.6628701090812683,0.5376588106155396,0.4992349147796631,0.6688504219055176,0.6509786248207092,0.6671960949897766,0.5148143172264099,0.5902653932571411,0.5943518877029419,0.5167757868766785,0.7174658179283142,0.4918762743473053,0.6760255098342896,0.4949126839637756,0.630874752998352,0.4936884343624115,0.5370268225669861,0.4894653856754303,0.4872345328330994,0.5132404565811157,0.4333729445934296,0.5418174266815186,0.6898733973503113,0.5407190322875977,0.6301776170730591,0.5324113368988037,0.6634442210197449,0.5454493165016174,0.6618199348449707,0.5394014716148376,0.5313483476638794,0.5390583872795105,0.4683775305747986,0.5302921533584595,0.4991884529590607,0.5434250831604004,0.4999549686908722,0.6158838868141174,0.6156964898109436,0.6152479648590088,0.5553339123725891,0.6447155475616455,0.5869742035865784,0.6862748265266418,0.5854287147521973,0.5398080348968506,0.6628701090812683,0.5376588106155396,0.4992349147796631,0.5698546171188354,0.7390503287315369,0.7060796022415161,0.7084126472473145,0.7610092759132385,0.5802326798439026,0.702987015247345,0.41968515515327454,0.5655609965324402,0.3826268017292023,-91.4857177734375,-5.063475608825684,18.053749084472656,76.84058380126953,60.49041748046875,1.0,1.0,1.0,1.0,0.0,1.0,0.0,1.0,1.0
Relaxed,99.99876403808594,0.3605855107307434,0.3667205572128296,0.22114025056362152,0.5925408005714417,22,34,92.7999038696289,99.3546142578125,99.691650390625,99.6977767944336,68.95732879638672,87.08088684082031,95.83106231689452,65.36793518066406,0.4630737900733948,0.7032641172409058,0.4560633301734924,0.8747580647468567,0.3272541463375092,0.7136794328689575,0.32160428166389465,0.8565793633460999,0.4010850489139557,0.8058081269264221,0.4906657040119171,0.6331207752227783,0.5123478174209595,0.6938027143478394,0.5058052539825441,0.7469553947448729,0.5017065405845642,0.8456734418869019,0.504224956035614,0.8923597931861877,0.4786266684532166,0.9321299195289612,0.4627921283245087,0.6700668931007385,0.4600259959697723,0.7368136048316956,0.4703595340251922,0.703812837600708,0.4566859602928162,0.703687310218811,0.45576012134552,0.8405126929283142,0.4534671008586884,0.902594268321991,0.4633389115333557,0.8762127757072449,0.4498577117919922,0.8736180663108826,0.3774214386940001,0.7605907917022705,0.3750192821025848,0.8241466879844666,0.3451589047908783,0.7929943203926086,0.30229106545448303,0.7886701226234436,0.4630737900733948,0.7032641172409058,0.4560633301734924,0.8747580647468567,0.4416769742965698,0.5708916783332825,0.295628160238266,0.6044483184814453,0.225648432970047,0.7773120999336243,0.2841022908687592,0.9083170294761658,0.4267641305923462,0.9461228847503662,90.34326171875,3.4078643321990967,13.078248977661133,73.71680450439453,46.02980041503906,1.0,1.0,1.0,1.0,0.0,1.0,0.0,1.0,1.0
Relaxed,99.98648071289062,0.4537902474403381,0.4239909946918488,0.1044669672846794,0.2407775819301605,23,35,92.81163024902344,98.74664306640624,99.29792022705078,98.78889465332031,76.1183090209961,83.07221221923828,55.50897216796875,89.07816314697266,0.3963282108306885,0.3655958771705627,0.4009604752063751,0.5679377913475037,0.23929423093795776,0.396947979927063,0.24271787703037265,0.5649756789207458,0.3492777049541473,0.484029084444046,0.4178290963172913,0.2817021012306213,0.4562552273273468,0.3450591564178467,0.4557837247848511,0.4066847562789917,0.4585178792476654,0.5233817100524902,0.4619624316692352,0.579706072807312,0.4265598952770233,0.6346239447593689,0.391426682472229,0.3278766572475433,0.395402729511261,0.4050484895706177,0.4058201014995575,0.3645741641521454,0.3891889154911041,0.3667152523994446,0.3982447385787964,0.5275195240974426,0.3979600965976715,0.6020243763923645,0.4105500280857086,0.5679861903190613,0.39389535784721375,0.5670255422592163,0.30790311098098755,0.4401649534702301,0.3098394572734833,0.514968991279602,0.274187833070755,0.4817324876785278,0.2214329093694687,0.4837976694107056,0.3963282108306885,0.3655958771705627,0.4009604752063751,0.5679377913475037,0.3356926441192627,0.22691357135772705,0.1707514226436615,0.2853306829929352,0.12348508834838867,0.4856244921684265,0.18071168661117554,0.6438071131706238,0.3472268283367157,0.6701478362083435,87.64469909667969,3.9245235919952393,22.29494857788086,83.7238998413086,92.22801208496094,1.0,1.0,1.0,1.0,0.0,1.0,0.0,1.0,1.0
Relaxed,99.98723602294922,0.36235934495925903,0.3370558023452759,0.07988211512565613,0.3205254375934601,23,37,97.13956451416016,99.29979705810548,99.57200622558594,97.97959899902344,72.90151977539062,83.1266860961914,55.43244934082031,88.70051574707031,0.3149144649505615,0.4262683689594269,0.31376153230667114,0.5860137343406677,0.19198831915855408,0.45161318778991705,0.1907314658164978,0.5841937065124512,0.2803758382797241,0.5297034978866577,0.33191394805908203,0.3568275272846222,0.3629159927368164,0.4119707345962525,0.3620525002479553,0.4623807370662689,0.3615267872810364,0.5545542240142822,0.3620861768722534,0.5972622036933899,0.3307344317436218,0.6354645490646362,0.31130191683769226,0.3953001797199249,0.3132656812667847,0.4573865830898285,0.3225787878036499,0.4260071218013763,0.30930987000465393,0.4272109568119049,0.31261146068573,0.554098904132843,0.3101262748241425,0.6116748452186584,0.32154250144958496,0.5865985155105591,0.30837127566337585,0.5853105187416077,0.24606412649154666,0.4887893497943878,0.2460121512413025,0.5477820038795471,0.21931636333465576,0.5223921537399292,0.17742814123630524,0.5225000977516174,0.3149144649505615,0.4262683689594269,0.31376153230667114,0.5860137343406677,0.26327404379844666,0.3019927740097046,0.1338632106781006,0.34913715720176697,0.09878614544868468,0.5190804600715637,0.13425229489803314,0.6319059729576111,0.2625650465488434,0.6519087553024292,90.25145721435548,6.734456062316895,26.11438179016113,77.2509536743164,89.85481262207031,1.0,1.0,1.0,1.0,0.0,1.0,0.0,1.0,1.0
Stressed,99.99845123291016,0.23778414726257324,0.2888005971908569,0.19871333241462708,0.3864799439907074,29,45,98.93682861328124,99.20057678222656,99.60670471191406,97.0207977294922,63.71175003051758,96.33575439453124,59.61756896972656,96.7304916381836,0.343566358089447,0.449977308511734,0.3792877793312073,0.5543479323387146,0.27189695835113525,0.5034800767898561,0.3014813661575317,0.5905774235725403,0.342096209526062,0.5161314010620117,0.33975133299827576,0.4043093323707581,0.3702182769775391,0.4239368736743927,0.38040846586227417,0.4547052681446075,0.4009159803390503,0.514600932598114,0.4114339351654053,0.5442418456077576,0.401897132396698,0.5853482484817505,0.3347402811050415,0.43257689476013184,0.34960874915122986,0.4709942638874054,0.3482007086277008,0.4468810558319092,0.3402543067932129,0.4525041282176971,0.3712078332901001,0.5340815186500549,0.3830789923667908,0.5735825896263123,0.3840779960155487,0.551629900932312,0.3755829632282257,0.5556347370147705,0.3130944967269897,0.5083592534065247,0.3262113332748413,0.5465981960296631,0.3034855127334595,0.5374838709831238,0.2774809002876282,0.5526336431503296,0.343566358089447,0.449977308511734,0.3792877793312073,0.5543479323387146,0.2881984114646912,0.4044384360313416,0.2168700993061065,0.4745088815689087,0.2284060120582581,0.5809378623962402,0.27953559160232544,0.6570901274681091,0.3659321069717407,0.6309821009635925,66.10781860351561,0.9141251444816588,27.38121032714844,35.420021057128906,32.20803451538086,1.0,1.0,1.0,1.0,1.0,1.0,1.0,0.0,1.0
Stressed,99.9998550415039,0.2729729115962982,0.2865399718284607,0.3454413414001465,0.3563285171985626,18,30,97.4366455078125,98.50540924072266,99.12873840332031,99.56120300292969,75.0208511352539,83.56538391113281,67.11857604980469,95.8934097290039,0.44812244176864624,0.5695739388465881,0.4469252228736877,0.4397638142108917,0.5395853519439697,0.5629525780677795,0.538765013217926,0.4553547203540802,0.4686382114887238,0.5155999660491943,0.43579065799713135,0.6128113865852356,0.4103996157646179,0.5787555575370789,0.4100193977355957,0.5429710745811462,0.4094393253326416,0.4688558280467987,0.4092146754264832,0.42968127131462097,0.4339448213577271,0.3883071839809418,0.4512690901756287,0.5909619927406311,0.4486570358276367,0.5438109636306763,0.4419110715389252,0.5697406530380249,0.451900064945221,0.5688145160675049,0.4479221701622009,0.465449184179306,0.4498237371444702,0.4157793819904328,0.4407829642295837,0.4396787285804749,0.4508322477340698,0.4407733380794525,0.496589720249176,0.5335107445716858,0.4963349103927612,0.4861867725849152,0.5160292983055115,0.5115832686424255,0.5479558110237122,0.5114886760711671,0.44812244176864624,0.5695739388465881,0.4469252228736877,0.4397638142108917,0.4912417829036713,0.6321002840995789,0.5875453948974609,0.6100279688835144,0.6089408993721008,0.5093623399734497,0.5861291885375977,0.38336035609245295,0.4890858232975006,0.35103678703308105,-90.63121795654295,-5.38219165802002,30.36942481994629,65.00202941894531,83.14741516113281,1.0,1.0,1.0,1.0,0.0,1.0,0.0,1.0,1.0
Stressed,99.9996337890625,0.27537018060684204,0.3028118312358856,0.367902398109436,0.3173110783100128,22,34,93.12061309814452,99.27582550048828,99.5791244506836,98.88916778564452,69.46958160400389,87.61029052734375,82.60199737548828,94.45663452148438,0.5478561520576477,0.4057333767414093,0.5464891791343689,0.5399571657180786,0.4476451873779297,0.4209209978580475,0.4462880492210388,0.5322304368019104,0.5187643170356749,0.4829125702381134,0.5624358654022217,0.3511843383312225,0.5872636437416077,0.3947045505046845,0.586223304271698,0.4355117678642273,0.5854885578155518,0.5128682255744934,0.5859024524688721,0.5502234101295471,0.5604607462882996,0.5852885842323303,0.5451838374137878,0.3806279003620148,0.5464745163917542,0.4319342374801636,0.5541341304779053,0.40548789501190186,0.5433381199836731,0.4063299298286438,0.5456695556640625,0.5131899714469911,0.5435078144073486,0.5623962879180908,0.5528154373168945,0.5404050946235657,0.5420715808868408,0.5391671657562256,0.4912738204002381,0.4523920714855194,0.4909299314022064,0.5018618106842041,0.4691835939884186,0.4786539673805237,0.4351061582565308,0.4780767261981964,0.5478561520576477,0.4057333767414093,0.5464891791343689,0.5399571657180786,0.507563054561615,0.3117155730724335,0.4013952016830444,0.3445708453655243,0.37098878622055054,0.4755180180072784,0.4000979065895081,0.5816572308540344,0.5054290294647217,0.6054448485374451,91.36071014404295,2.244523286819458,25.1477108001709,76.16020965576172,86.86019134521484,1.0,1.0,1.0,1.0,0.0,1.0,0.0,1.0,1.0
Happy,99.99880981445312,0.4728802442550659,0.4679682552814484,0.3623277842998505,0.30132201313972473,22,34,93.18345642089844,98.8606185913086,99.39971923828124,98.88966369628906,83.09522247314453,65.29945373535156,79.06523132324219,86.10653686523438,0.5182311534881592,0.6484130024909973,0.5338033437728882,0.4283445477485657,0.6890941262245178,0.6591740250587463,0.7020723819732666,0.4760576784610748,0.5831975936889648,0.5574581027030945,0.4846605658531189,0.7198647260665894,0.4518972039222717,0.6543543338775635,0.4594036340713501,0.5927696824073792,0.4685042798519135,0.4666750431060791,0.4702178537845612,0.40080392360687256,0.5121476650238037,0.33848080039024353,0.5189515352249146,0.6861343383789062,0.5231009721755981,0.604745090007782,0.5079219341278076,0.6470847725868225,0.5257250666618347,0.6480374932289124,0.5325238704681396,0.4718663394451141,0.5402410626411438,0.3885683417320252,0.5236512422561646,0.4263089895248413,0.5412604212760925,0.43056175112724304,0.6202079653739929,0.5971246361732483,0.6261726021766663,0.5162190198898315,0.6605808734893799,0.5638673305511475,0.7168030142784119,0.5717722773551941,0.5182311534881592,0.6484130024909973,0.5338033437728882,0.4283445477485657,0.562509298324585,0.7708896994590759,0.7440677881240845,0.7562382817268372,0.8199185132980347,0.5845233201980591,0.7726642489433289,0.3694246709346771,0.5973221063613892,0.2927742898464203,-85.46695709228516,-3.708507061004639,18.90813636779785,67.06420135498047,67.22731018066406,1.0,1.0,1.0,1.0,0.0,1.0,0.0,1.0,1.0
Happy,99.99885559082031,0.3461141884326935,0.33434048295021057,0.32191312313079834,0.2722410261631012,23,35,96.99763488769531,99.5117645263672,99.8283233642578,98.25933837890624,72.55264282226562,86.56217956542969,66.85236358642578,97.63162994384766,0.4466231763362885,0.5347935557365417,0.4528822898864746,0.37360259890556335,0.5664147734642029,0.5379729866981506,0.5717570781707764,0.4036773145198822,0.4953180551528929,0.4763397574424744,0.42243346571922297,0.584395706653595,0.4007079601287842,0.5425412654876709,0.4056441783905029,0.4992344677448273,0.4093039929866791,0.4071302115917206,0.4081546664237976,0.3572623431682587,0.4337036609649658,0.3052248358726501,0.4471565783023834,0.5610085725784302,0.4490057528018952,0.50266033411026,0.4395654201507568,0.5346104502677917,0.4518063366413117,0.5342972278594971,0.452786922454834,0.4053623974323273,0.4558659195899963,0.34312403202056885,0.4459249675273895,0.37296220660209656,0.4581514596939087,0.3750107288360596,0.5190187692642212,0.4979464113712311,0.5215764045715332,0.4388146102428436,0.5472025275230408,0.4733946025371552,0.586139440536499,0.4760569334030152,0.4466231763362885,0.5347935557365417,0.4528822898864746,0.37360259890556335,0.4718928933143616,0.6073235273361206,0.600480318069458,0.5927872061729431,0.6568738222122192,0.4777837693691254,0.6127618551254272,0.310215026140213,0.4863435328006744,0.2577706277370453,-87.36907196044922,-7.347706317901611,16.612728118896484,87.77281951904297,32.20803451538086,0.0,1.0,1.0,1.0,0.0,1.0,0.0,1.0,0.0
Happy,99.99700927734376,0.4618382453918457,0.44754412770271296,0.4684641659259796,0.2428731173276901,22,34,95.5345687866211,99.07361602783205,99.52072143554688,99.7200698852539,78.59550476074219,76.223388671875,98.21985626220705,52.17687606811523,0.6144029498100281,0.5623951554298401,0.6342184543609619,0.3641538023948669,0.7868854999542236,0.5785391330718994,0.803394615650177,0.4134411513805389,0.6974212527275085,0.4853088557720184,0.575096070766449,0.6253047585487366,0.5513812899589539,0.5662997364997864,0.5627428293228149,0.5110763311386108,0.5741662383079529,0.39677071571350103,0.5744128227233887,0.3364200592041016,0.6098040938377379,0.28009408712387085,0.6126120090484619,0.5965515971183777,0.6203049421310425,0.5230981111526489,0.6050208210945129,0.5611298680305481,0.6221534609794617,0.5625420808792114,0.6322762370109558,0.4032844603061676,0.6395761370658875,0.32767099142074585,0.6249613761901855,0.3618472516536713,0.6418499350547789,0.3661295473575592,0.7235534191131592,0.5212119221687317,0.7310125231742859,0.4474618434906006,0.765941858291626,0.4924631416797638,0.8197829723358154,0.5012926459312439,0.6144029498100281,0.5623951554298401,0.6342184543609619,0.3641538023948669,0.6344826221466064,0.6719474196434021,0.8173311948776245,0.666603147983551,0.9148715138435364,0.5155559182167053,0.8531168103218079,0.31382134556770325,0.6782475113868713,0.2377976477146149,-83.22284698486328,-1.2182317972183228,13.242934226989744,65.63923645019531,46.02980041503906,1.0,1.0,1.0,1.0,0.0,1.0,0.0,1.0,0.0
Happy,99.99919891357422,0.33705493807792664,0.3291939198970795,0.4627122282981873,0.3002537190914154,30,46,73.12388610839844,99.57839965820312,99.869384765625,99.83859252929688,69.91902923583984,89.31159973144531,78.5105972290039,80.30437469482422,0.6791412234306335,0.4051308035850525,0.6847904324531555,0.5567438006401062,0.5629826188087463,0.4326446354389191,0.5676233768463135,0.558757483959198,0.6398217082023621,0.5064404010772705,0.6960352063179016,0.3381446301937103,0.7223941683769226,0.39041805267333984,0.7216625809669495,0.4385715126991272,0.7248669266700745,0.5257989168167114,0.729038417339325,0.5658308863639832,0.7062870860099792,0.6022167801856995,0.675771951675415,0.3755796551704407,0.678871750831604,0.4347687959671021,0.6858619451522827,0.4047561585903168,0.6737669110298157,0.4062317609786987,0.6822875738143921,0.526468813419342,0.6836602687835693,0.5809361934661865,0.6915832757949829,0.5571014881134033,0.6794981360435486,0.5563136339187622,0.6120853424072266,0.4676444232463837,0.6143963932991028,0.5236329436302185,0.5871027112007141,0.5005996823310852,0.5488197803497314,0.5018943548202515,0.6791412234306335,0.4051308035850525,0.6847904324531555,0.5567438006401062,0.641319215297699,0.28605836629867554,0.5185608267784119,0.335697203874588,0.4787384569644928,0.5006225109100342,0.5299325585365295,0.6036359071731567,0.6545426249504089,0.6173741221427917,84.22540283203125,3.621590614318848,25.357954025268555,80.50894927978516,26.1773681640625,1.0,1.0,1.0,1.0,0.0,1.0,1.0,0.0,1.0
Relaxed,99.99876403808594,0.3739674091339111,0.3856667876243591,0.25614026188850403,0.456143319606781,23,35,97.2464370727539,88.66619110107422,96.7406005859375,99.57289123535156,68.08551788330078,76.02899932861328,95.32444763183594,85.63075256347656,0.36743876338005066,0.5953248739242554,0.5370523929595947,0.59908127784729,0.3795213103294373,0.7379477620124817,0.520629346370697,0.7407378554344177,0.4684688448905945,0.6616978645324707,0.29816842079162603,0.565348744392395,0.3568168878555298,0.5438334941864014,0.40923842787742615,0.550299882888794,0.5068202614784241,0.5525103807449341,0.5532093048095703,0.5482246279716492,0.5935435891151428,0.5717231035232544,0.3347156047821045,0.5955647826194763,0.4006593823432921,0.5974411368370056,0.36775457859039307,0.5876383781433105,0.3679554760456085,0.6016266942024231,0.5031689405441284,0.5997416973114014,0.5646951198577881,0.6004968285560608,0.5381979942321777,0.5913819670677185,0.5359751582145691,0.6052224636077881,0.4247203767299652,0.6833454370498657,0.4876996576786041,0.6845800280570984,0.457213968038559,0.7165562510490417,0.4538603127002716,0.7607755661010742,0.36743876338005066,0.5953248739242554,0.5370523929595947,0.59908127784729,0.2386857122182846,0.6129327416419983,0.27364909648895264,0.7641615867614746,0.4445466697216034,0.838546872138977,0.5752100944519043,0.7702552080154419,0.6099686622619629,0.6209061741828918,1.999031662940979,6.4654974937438965,15.155110359191895,57.49063491821289,86.86019134521484,1.0,1.0,1.0,1.0,0.0,1.0,0.0,1.0,1.0
Relaxed,99.99964141845705,0.3708072602748871,0.35563188791275024,0.3870476186275482,0.411146491765976,23,35,93.07105255126952,99.47015380859376,99.77018737792969,99.11852264404295,57.90782165527344,90.34778594970705,98.08633422851562,67.84975433349611,0.4979343116283417,0.5368108153343201,0.6604229807853699,0.5397189855575562,0.5144664049148561,0.668367862701416,0.6495940685272217,0.6705753803253174,0.5931746363639832,0.5902748107910156,0.4324299097061157,0.5118243694305421,0.4857895076274872,0.4878627359867096,0.5353591442108154,0.4922647476196289,0.6287093758583069,0.493820071220398,0.6735935807228088,0.4909697771072388,0.7149062752723694,0.5164541602134705,0.4672881960868835,0.5380983352661133,0.5298955440521239,0.538654625415802,0.4978659451007843,0.5293107628822327,0.4987523853778839,0.5426084995269775,0.6280810236930847,0.5404099225997925,0.6873347759246826,0.5417961478233337,0.6610400676727295,0.5321394801139832,0.659538209438324,0.5453293919563293,0.5543635487556458,0.6152673959732056,0.6144309043884277,0.6161031723022461,0.58609539270401,0.645217776298523,0.5848609209060669,0.6873061656951904,0.4979343116283417,0.5368108153343201,0.6604229807853699,0.5397189855575562,0.3819948136806488,0.5649470686912537,0.4195707142353058,0.7039986848831177,0.5800224542617798,0.7629340887069702,0.7071551680564879,0.7080641984939575,0.7367439270019531,0.570486307144165,1.4400651454925537,4.85418176651001,18.640974044799805,77.31893157958984,60.49041748046875,1.0,1.0,1.0,1.0,0.0,1.0,0.0,1.0,1.0
Relaxed,99.99942779541016,0.38977405428886414,0.36741459369659424,0.5728322267532349,0.40655517578125,22,34,90.94893646240234,99.32017517089844,99.68276977539062,99.72325897216795,72.09640502929688,84.56238555908203,95.79669189453124,67.10056304931639,0.70063716173172,0.533925473690033,0.8713896870613098,0.5417147278785706,0.7120026946067809,0.670696496963501,0.8543312549591064,0.6769641041755676,0.8025027513504028,0.5963150262832642,0.6312122344970703,0.5049130916595459,0.6907378435134888,0.4836123883724213,0.7433792948722839,0.4903578162193298,0.8413285613059998,0.4947268068790436,0.8877984285354614,0.4923203885555267,0.9278149604797364,0.5178872942924501,0.6677660346031189,0.5338912010192871,0.7340575456619263,0.5368225574493408,0.7011005878448486,0.5263946056365967,0.7011503577232361,0.5400529503822327,0.8371984958648682,0.5415183305740356,0.8989750742912292,0.5441402196884155,0.8725378513336182,0.5341107845306396,0.8701248764991759,0.5475667715072632,0.7577751874923706,0.6187922954559326,0.8208674788475037,0.6213781833648682,0.79013592004776,0.6511280536651611,0.7862480282783508,0.6942417621612549,0.70063716173172,0.533925473690033,0.8713896870613098,0.5417147278785706,0.5708146095275879,0.5537369251251221,0.6047211289405823,0.6999978423118591,0.7757893800735474,0.7708269357681274,0.9063949584960938,0.7123234272003174,0.9429798126220704,0.5696660876274109,3.4088671207427983,8.360189437866211,13.95577621459961,73.54178619384766,53.33004760742188,1.0,1.0,1.0,1.0,0.0,1.0,0.0,1.0,1.0
Relaxed,99.99633026123048,0.4547050297260285,0.4596260786056519,0.2201554030179977,0.4294314980506897,23,37,98.15532684326172,97.96660614013672,98.64582824707031,98.12406158447266,80.10255432128906,76.52799224853516,82.23365783691406,89.98011016845703,0.3477323651313782,0.6064279079437256,0.5538495182991028,0.5969266891479492,0.3838697373867035,0.7709050178527832,0.5547519326210022,0.7626818418502808,0.4701148569583893,0.6555134654045105,0.263578861951828,0.5830367207527161,0.3258714079856873,0.5433581471443176,0.3884096145629883,0.5430997014045715,0.5069544315338135,0.5375626683235168,0.5643490552902222,0.5322465896606445,0.6220381259918213,0.5662691593170166,0.30974069237709045,0.6116816401481628,0.38851162791252136,0.6060104966163635,0.346567839384079,0.5963151454925537,0.34955984354019165,0.6134467124938965,0.5131039023399353,0.600292980670929,0.5887638926506042,0.598625898361206,0.5535434484481812,0.5867006778717041,0.5534021258354187,0.6039044857025146,0.4270232617855072,0.6963150501251221,0.5031046867370605,0.6926168203353882,0.4702389240264893,0.7306933999061584,0.4743419587612152,0.7852345705032349,0.3477323651313782,0.6064279079437256,0.5538495182991028,0.5969266891479492,0.21118022501468656,0.666003942489624,0.2746437191963196,0.836741030216217,0.4792743027210236,0.8857296109199524,0.6394867897033691,0.8193425536155701,0.6615709662437439,0.6448767185211182,-2.1684658527374268,3.406137704849243,22.73638343811035,72.70703887939453,89.85481262207031,1.0,1.0,1.0,1.0,0.0,1.0,0.0,1.0,1.0
Relaxed,99.99419403076172,0.4336502552032471,0.4401744604110718,0.2459418028593064,0.4349681437015533,25,39,96.46350860595705,99.14620208740234,99.50025939941406,98.62124633789062,75.91571807861328,82.88963317871094,52.20030975341797,91.2281265258789,0.3640446364879608,0.6051976680755615,0.5646551847457886,0.598910927772522,0.3937184810638428,0.7635840177536011,0.5599502921104431,0.7580117583274841,0.4791064858436585,0.6522066593170166,0.2840245366096497,0.5818823575973511,0.3446024060249329,0.5438147783279419,0.4049251675605774,0.5441564917564392,0.5202183723449707,0.5404779314994812,0.5765580534934998,0.5364726781845093,0.6327716708183289,0.5707987546920776,0.32730919122695923,0.6098911166191101,0.4037454426288605,0.6053013205528259,0.3631590306758881,0.5953472852706909,0.3656542599201201,0.611902117729187,0.5249986052513123,0.6015322804450989,0.5987922549247742,0.6012313365936279,0.5645589232444763,0.5889726281166077,0.5639938712120056,0.6055634021759033,0.4374648332595825,0.6918742656707764,0.5114147663116455,0.6894059181213379,0.4780845940113068,0.7253705859184265,0.4806697368621826,0.7780490517616272,0.3640446364879608,0.6051976680755615,0.5646551847457886,0.598910927772522,0.23323482275009155,0.6627538204193115,0.2890723943710327,0.827580451965332,0.4832821190357208,0.8755573034286499,0.6437931060791016,0.8161623477935791,0.6713265776634216,0.6488636136054993,-1.1137317419052124,3.406970977783203,23.58921813964844,84.48785400390625,89.85481262207031,1.0,1.0,1.0,1.0,0.0,1.0,1.0,0.0,1.0
Relaxed,99.99175262451172,0.3441455364227295,0.3580726087093353,0.3165191411972046,0.5538322925567627,25,39,96.40530395507812,98.90363311767578,99.31890106201172,98.24555206298828,73.94279479980469,81.15794372558594,61.37074661254883,87.87698364257812,0.4254487454891205,0.6865845322608948,0.5846762657165527,0.6858983039855957,0.4511813521385193,0.8097884654998779,0.5832028985023499,0.8089922666549683,0.5274410843849182,0.7203167676925659,0.35813581943511963,0.6689784526824951,0.4111843407154083,0.6379302740097046,0.4608551263809204,0.6384143829345703,0.5523350238800049,0.63783860206604,0.5951599478721619,0.6367202997207642,0.634723424911499,0.6671555638313293,0.3950737714767456,0.6902382969856262,0.4568506181240082,0.6875658631324768,0.4251682460308075,0.6787330508232117,0.4267715215682984,0.6919137239456177,0.55308598279953,0.6871431469917297,0.6104359626770021,0.6889523267745972,0.5849851965904236,0.6779046654701233,0.5841203927993774,0.6910077333450317,0.48806416988372797,0.7537696957588196,0.5466449856758118,0.753162682056427,0.5214451551437378,0.7800660729408264,0.5223891735076904,0.8218129277229309,0.4254487454891205,0.6865845322608948,0.5846762657165527,0.6858983039855957,0.30681779980659485,0.7369576692581177,0.3538791537284851,0.8656302690505981,0.5204435586929321,0.8999999165534973,0.6347015500068665,0.8627642393112183,0.6540290713310242,0.7342290878295898,0.7620518207550049,5.639187335968018,27.43090057373047,77.84451293945312,86.86019134521484,1.0,1.0,1.0,1.0,0.0,1.0,0.0,1.0,1.0
Stressed,99.99270629882812,0.2706797122955322,0.2461608797311783,0.16277596354484558,0.7186500430107117,23,35,99.26051330566406,98.10527801513672,98.80348205566406,95.58200073242188,57.04821395874024,94.10665130615234,66.11022186279297,95.13926696777344,0.2420246005058289,0.8007633090019226,0.36910614371299744,0.7910988330841064,0.26253211498260504,0.8943932056427002,0.3682298958301544,0.8863235116004944,0.31235969066619873,0.8180720806121826,0.1921560615301132,0.7922965288162231,0.22832222282886505,0.763585090637207,0.2657842040061951,0.7607068419456482,0.3384439051151276,0.755283772945404,0.3743254244327545,0.7526786327362059,0.41158586740493774,0.7756674885749817,0.21934570372104645,0.8057069182395935,0.2671332061290741,0.7999179363250732,0.2412136644124985,0.7945822477340698,0.2431511729955673,0.8048920035362244,0.343786358833313,0.7941218018531799,0.39083772897720337,0.7926845550537109,0.3685367405414581,0.7849192023277283,0.3684948086738585,0.795348048210144,0.28851887583732605,0.8483809828758241,0.3349646031856537,0.8449066877365112,0.3142537474632263,0.8666313886642456,0.316949725151062,0.8994961977005005,0.2420246005058289,0.8007633090019226,0.36910614371299744,0.7910988330841064,0.16508127748966214,0.8511744737625122,0.2028912454843521,0.9473332166671752,0.32161641120910645,0.9615556001663208,0.4247758686542511,0.9308229088783264,0.43985942006111145,0.8305595517158508,-6.505235195159912,5.040426731109619,28.03669738769531,18.1965274810791,46.02980041503906,1.0,1.0,1.0,1.0,1.0,1.0,0.0,1.0,1.0
Stressed,99.99849700927734,0.277059018611908,0.2329258918762207,0.38361912965774536,0.5623545646667479,25,39,98.69593048095705,96.58683776855469,98.2234115600586,79.9330825805664,73.68168640136719,96.31363677978516,65.81793975830078,93.8249969482422,0.4534341096878052,0.6542115807533264,0.5561633706092834,0.6218394041061401,0.5017449259757996,0.7269812226295471,0.5872842073440552,0.7000024318695068,0.5168799757957458,0.6581488251686096,0.4092933237552643,0.6554423570632935,0.42948251962661743,0.6265831589698792,0.4595689475536346,0.6176126003265381,0.5182470083236694,0.5991904139518738,0.5473986268043518,0.589551568031311,0.5866263508796692,0.5995990037918091,0.4363022446632385,0.6621202230453491,0.4740650653839111,0.6486203670501709,0.450653076171875,0.6493871212005615,0.4557203054428101,0.6573295593261719,0.5360269546508789,0.6291057467460632,0.5749197602272034,0.6184707283973694,0.5535730719566345,0.6169688701629639,0.5570645332336426,0.6253927946090698,0.5078676342964172,0.6853206157684326,0.5453986525535583,0.6735489368438721,0.5353596210479736,0.6956427097320557,0.5487833619117737,0.7215802669525146,0.4534341096878052,0.6542115807533264,0.5561633706092834,0.6218394041061401,0.40755850076675415,0.7049936056137085,0.4712806940078736,0.777238667011261,0.5739262104034424,0.7701607346534729,0.6504508256912231,0.7210410237312317,0.6294721961021423,0.6352505683898926,-24.34731483459473,2.445014476776123,27.50069999694824,35.955909729003906,32.20803451538086,1.0,1.0,1.0,1.0,1.0,1.0,0.0,1.0,1.0
Stressed,99.99960327148438,0.2867450714111328,0.2648237645626068,0.3500345051288605,0.3501878380775452,20,32,98.22042846679688,99.5019760131836,99.69815063476562,99.66163635253906,81.68566131591797,81.64102935791016,88.64605712890625,96.07559204101562,0.4412729740142822,0.4478236734867096,0.5706445574760437,0.44834640622138977,0.4565059542655945,0.5404472947120667,0.5638776421546936,0.5408070683479309,0.5136693120002747,0.4708852767944336,0.3907943069934845,0.43482840061187744,0.4305719435214996,0.4102503061294556,0.4690734446048737,0.4104781746864319,0.5429868102073669,0.41064971685409546,0.5792030692100525,0.4105986952781677,0.614584743976593,0.4353754818439484,0.41775500774383545,0.4506908059120178,0.4668044447898865,0.4487589597702025,0.4410111904144287,0.4417170286178589,0.4421854019165039,0.451813817024231,0.5448962450027466,0.4490666389465332,0.5923701524734497,0.4512222111225128,0.5706549286842346,0.4421581029891968,0.5698227286338806,0.4522189497947693,0.4861080944538117,0.497937798500061,0.5333241820335388,0.4979679882526398,0.5111271739006042,0.5178037285804749,0.5114200115203857,0.5498189330101013,0.4412729740142822,0.4478236734867096,0.5706445574760437,0.44834640622138977,0.35719186067581177,0.4890230000019074,0.3889297842979431,0.5866285562515259,0.5107242465019226,0.6105643510818481,0.6149486303329468,0.5867988467216492,0.6374049782752991,0.4895172715187073,-0.00713208131492138,3.7156264781951904,30.63850975036621,65.14266967773439,83.14741516113281,1.0,1.0,1.0,1.0,0.0,1.0,0.0,1.0,1.0
Happy,99.99949645996094,0.4631952941417694,0.4626957178115845,0.3090626001358032,0.3633067309856415,23,37,97.22171783447266,98.80055236816406,99.30589294433594,98.36678314208984,82.13481140136719,73.21334075927734,65.78687286376953,93.27650451660156,0.4279598891735077,0.5361930131912231,0.6471371054649353,0.5197484493255615,0.4760752022266388,0.7048901319503784,0.6582913398742676,0.6910457015037537,0.5556315183639526,0.5841618180274963,0.3394111394882202,0.514724612236023,0.4004705250263214,0.472037523984909,0.4658355116844177,0.4699113070964813,0.5914615988731384,0.4602878987789154,0.653118371963501,0.4527236223220825,0.7193939089775085,0.4857290983200073,0.3887031972408295,0.542795717716217,0.4715032577514648,0.5345924496650696,0.4259416162967682,0.5258798003196716,0.4303905665874481,0.5435253977775574,0.603858232498169,0.5246508717536926,0.6850371956825256,0.5203211307525635,0.6458148956298828,0.5092630386352539,0.6469601392745972,0.527114748954773,0.515762209892273,0.6274929642677307,0.5963504910469055,0.6212181448936462,0.56321120262146,0.6617323756217957,0.571588397026062,0.7181020975112915,0.4279598891735077,0.5361930131912231,0.6471371054649353,0.5197484493255615,0.295857846736908,0.6012073755264282,0.3725393116474152,0.7763240933418274,0.5853152871131897,0.8217489719390869,0.7582170963287354,0.7464174032211304,0.7724950313568115,0.5645927786827087,-5.672740459442139,4.021681308746338,21.073776245117188,64.22499847412111,67.22731018066406,1.0,1.0,1.0,1.0,0.0,1.0,0.0,1.0,1.0
Happy,99.997802734375,0.35996824502944946,0.341587096452713,0.26360589265823364,0.3244861364364624,28,44,96.69518280029295,99.53278350830078,99.8434829711914,96.2261199951172,64.0687255859375,89.03607177734375,60.09015274047852,95.19178009033205,0.3707289099693297,0.4537588655948639,0.5338490009307861,0.44749054312706,0.4000064134597778,0.5730894804000854,0.5357968211174011,0.5676642656326294,0.4734854102134705,0.4933280348777771,0.3025166094303131,0.4351617395877838,0.35473477840423584,0.4080605208873749,0.4049535095691681,0.4087071716785431,0.4981366693973541,0.40501511096954346,0.5421868562698364,0.4005900025367737,0.5849653482437134,0.4238247275352478,0.3401515185832977,0.4570234715938568,0.4029856324195862,0.4535565972328186,0.3701860904693604,0.4465602338314056,0.37226465344429016,0.4589445888996124,0.5014598965644836,0.449766993522644,0.5605417490005493,0.4482838213443756,0.5337312221527101,0.4401704967021942,0.533386766910553,0.4525713324546814,0.4360426664352417,0.5212321281433105,0.4958059191703797,0.5186773538589478,0.4706539511680603,0.5467328429222107,0.4732040464878082,0.5862182378768921,0.3707289099693297,0.4537588655948639,0.5338490009307861,0.44749054312706,0.255332887172699,0.4912121593952179,0.307138055562973,0.6176847219467163,0.4748212099075317,0.6585499048233032,0.5929469466209412,0.6055359244346619,0.6090488433837891,0.4767546057701111,-3.065261125564575,6.560782909393311,19.505069732666016,87.9657974243164,32.20803451538086,0.0,1.0,1.0,1.0,0.0,1.0,1.0,0.0,0.0
Happy,99.99915313720705,0.4451484382152557,0.4592714905738831,0.2377251833677292,0.4723867177963257,22,34,95.8767547607422,99.59175872802734,99.80442810058594,99.78199768066406,82.69277954101562,76.43657684326172,98.0808563232422,64.88460540771484,0.3610750734806061,0.6353896856307983,0.5603788495063782,0.6143929362297058,0.4084016978740692,0.8050941228866577,0.5744678974151611,0.7877283096313477,0.476641446352005,0.6969702839851379,0.2785063683986664,0.6117872595787048,0.3328067660331726,0.5751373767852783,0.3924833536148071,0.5743198394775391,0.5074335932731628,0.5622344613075256,0.5639340281486511,0.5507862567901611,0.6255143284797668,0.5750095844268799,0.32505202293396,0.6410598158836365,0.4003352820873261,0.6332152485847473,0.35858070850372314,0.6259907484054565,0.3629292845726013,0.6430084705352783,0.5208003520965576,0.6205146312713623,0.5953201055526733,0.6125391721725464,0.5589324831962585,0.6048769354820251,0.5603792071342468,0.622177004814148,0.4416241943836212,0.7315401434898376,0.5157609581947327,0.7237324714660645,0.4860149621963501,0.766348659992218,0.495033860206604,0.8206568956375122,0.3610750734806061,0.6353896856307983,0.5603788495063782,0.6143929362297058,0.2412802875041961,0.6822612285614014,0.315308690071106,0.8571770191192627,0.5108408927917479,0.9166955947875975,0.6697995662689209,0.8195640444755554,0.6776182651519775,0.6359387636184692,-8.036972999572754,2.046215772628784,13.188985824584961,56.9173583984375,32.20803451538086,1.0,1.0,1.0,1.0,0.0,1.0,0.0,1.0,0.0
Happy,99.99720764160156,0.34850192070007324,0.33236053586006165,0.289806991815567,0.19308270514011386,28,44,52.347434997558594,99.7657470703125,99.91913604736328,99.65326690673828,62.2481575012207,93.25064849853516,87.66796875,65.23927307128906,0.4013398587703705,0.3191124200820923,0.5585102438926697,0.31127530336380005,0.4304744601249695,0.4418713748455048,0.5610325932502747,0.43510937690734863,0.5007442831993103,0.35620710253715515,0.3348676860332489,0.30198636651039124,0.3850022554397583,0.2722971737384796,0.4336523711681366,0.27200087904930115,0.5238963365554811,0.2674809992313385,0.5664960145950317,0.2631648480892181,0.6077953577041626,0.2881041169166565,0.3716810643672943,0.3231519460678101,0.43235018849372864,0.3187479376792908,0.4006388485431671,0.3116414546966553,0.4027614593505859,0.3244677484035492,0.527313768863678,0.3140321373939514,0.5843304991722107,0.31235384941101074,0.5584018230438232,0.3037154078483581,0.5581473112106323,0.3165793120861053,0.4646085798740387,0.3866974711418152,0.5225166082382202,0.3836226165294647,0.4983495175838471,0.4123064279556273,0.5011060237884521,0.4531046152114868,0.4013398587703705,0.3191124200820923,0.5585102438926697,0.31127530336380005,0.2890903055667877,0.36343008279800415,0.3400994837284088,0.4912925958633423,0.5032315254211426,0.5280529260635376,0.6173681616783142,0.476707935333252,0.6316276788711548,0.3458818197250366,-3.0623459815979004,4.160697937011719,24.764467239379893,79.82405090332031,26.1773681640625,0.0,1.0,1.0,1.0,0.0,1.0,1.0,0.0,1.0
Relaxed,99.99944305419922,0.3722065985202789,0.3982921242713928,0.15093731880187988,0.2909616529941559,23,35,98.44422912597656,93.00927734375,98.21980285644531,99.74668884277344,72.04535675048828,73.11195373535156,94.8564682006836,88.8404312133789,0.38138875365257263,0.4061342775821686,0.4113820493221283,0.5757591128349304,0.2451714426279068,0.4678052663803101,0.27016445994377136,0.6088115572929382,0.34102392196655273,0.5262278318405151,0.394238144159317,0.3273089826107025,0.42942744493484497,0.3768458962440491,0.4343905448913574,0.4307167232036591,0.4516173601150513,0.5285719037055969,0.4642300605773926,0.573700487613678,0.4468411207199097,0.6233637928962708,0.37390097975730896,0.3740529716014862,0.3856174349784851,0.4396935105323792,0.3889508545398712,0.4035794734954834,0.3750957250595093,0.4086982905864716,0.4037545323371887,0.5423126220703125,0.414725661277771,0.6041354537010193,0.4191279709339142,0.5741580724716187,0.4049108326435089,0.5767829418182373,0.30736875534057617,0.4924330413341522,0.3186573386192322,0.5554289221763611,0.2816637754440308,0.5360548496246338,0.2372512221336365,0.5484463572502136,0.38138875365257263,0.4061342775821686,0.4113820493221283,0.5757591128349304,0.3305000960826874,0.2881595194339752,0.19011098146438601,0.37564677000045776,0.157162606716156,0.5677689909934998,0.2443101108074188,0.6773865222930908,0.39677172899246216,0.6602863669395447,77.01944732666016,6.132927417755128,12.787877082824707,53.3975601196289,89.85481262207031,1.0,1.0,1.0,1.0,0.0,1.0,0.0,1.0,1.0
Relaxed,99.99909210205078,0.35690948367118835,0.35559800267219543,0.22239123284816745,0.3850082457065582,26,40,89.33879089355469,99.47368621826172,99.78074645996094,99.20068359375,60.53651428222656,89.24687194824219,98.00182342529295,55.46086883544922,0.4609187841415405,0.4953069388866425,0.453546792268753,0.6584722995758057,0.330313116312027,0.5039249658584595,0.32414472103118896,0.6397750973701477,0.4050869643688202,0.5860461592674255,0.4863106310367584,0.43052124977111816,0.5089610815048218,0.4853851199150085,0.5032488703727722,0.5348733067512512,0.4990120530128479,0.6289172172546387,0.5005505681037903,0.6745292544364929,0.4737535119056702,0.7151526808738708,0.4602551460266113,0.4644357264041901,0.4578672051429749,0.5271145701408386,0.4681290090084076,0.4955181777477264,0.4548337757587433,0.4955431520938873,0.4534119069576264,0.6258127689361572,0.4504250884056091,0.6856817603111267,0.4607583284378052,0.6595721244812012,0.4476207494735718,0.6572052836418152,0.380027711391449,0.5464738011360168,0.3774611055850983,0.6069778203964233,0.34923577308654785,0.5765016674995422,0.307441920042038,0.5728257894515991,0.4609187841415405,0.4953069388866425,0.453546792268753,0.6584722995758057,0.4345114827156067,0.3779226243495941,0.2948277592658997,0.407575398683548,0.23202164471149445,0.5640986561775208,0.2827422022819519,0.697095513343811,0.4190412759780884,0.7353515625,95.15221405029295,4.5632052421569815,16.784156799316403,77.24136352539062,53.33004760742188,1.0,1.0,1.0,1.0,0.0,1.0,0.0,1.0,1.0
Relaxed,99.99932861328124,0.3615865409374237,0.3747539520263672,0.2603721916675568,0.5991320610046387,23,35,90.19275665283205,99.0408935546875,99.50247192382812,99.78399658203124,76.81763458251953,84.24180603027344,97.13734436035156,60.44343566894531,0.4924138784408569,0.7069960236549377,0.5057770013809204,0.878972589969635,0.3585711717605591,0.7488377690315247,0.3697015047073364,0.8919771909713745,0.4448072612285614,0.8212112784385681,0.5110839605331421,0.6311414241790771,0.540669858455658,0.6856522560119629,0.5408421754837036,0.7396523356437683,0.5485841631889343,0.838629424571991,0.5563922524452211,0.8847461342811584,0.5348781943321228,0.9308790564537048,0.4879834353923798,0.6742531657218933,0.4934312105178833,0.7408874034881592,0.4998331665992737,0.7057110071182251,0.4861872494220734,0.7087649703025818,0.5015217065811157,0.8448914885520935,0.5063582062721252,0.9073459506034852,0.5133386254310608,0.8785624504089355,0.4995771646499634,0.8790997862815857,0.4149211645126343,0.7825020551681519,0.4201401174068451,0.8461626768112183,0.3868658542633057,0.8219500780105591,0.3434922993183136,0.8276686072349548,0.4924138784408569,0.7069960236549377,0.5057770013809204,0.878972589969635,0.4528239667415619,0.5825948715209961,0.3118012547492981,0.6490391492843628,0.2651406526565552,0.8346865177154541,0.33700117468833923,0.9536617994308472,0.4831145107746124,0.9588184356689452,80.95492553710938,4.7549777030944815,12.719758987426758,73.47794342041016,53.33004760742188,1.0,1.0,1.0,1.0,0.0,1.0,0.0,1.0,1.0
Relaxed,99.99217987060548,0.4661350250244141,0.4323399364948273,0.0971977710723877,0.20318755507469166,23,35,97.31535339355469,98.7945327758789,99.23543548583984,98.61264038085938,79.28954315185547,77.89335632324219,77.9814224243164,83.95817565917969,0.4077862799167633,0.3354254364967346,0.3990151584148407,0.5422026515007019,0.2419009208679199,0.3487303555011749,0.23441216349601746,0.5205927491188049,0.3485494554042816,0.4543308317661285,0.43614661693573,0.251524418592453,0.4709399938583374,0.322365403175354,0.4659286737442017,0.3858308792114258,0.460865706205368,0.5053118467330933,0.4609533846378326,0.5625780820846558,0.421294778585434,0.6126349568367004,0.40542808175086975,0.2959349453449249,0.4040665626525879,0.3756420016288757,0.4175917506217957,0.33570826053619385,0.4001673758029938,0.3357991874217987,0.3987630009651184,0.5008258223533629,0.393777996301651,0.576316773891449,0.40882164239883423,0.5436961054801941,0.3916023373603821,0.5406365990638733,0.30968615412712097,0.4025728106498718,0.30666622519493103,0.4792535603046417,0.2716067433357239,0.4413382112979889,0.21680420637130726,0.4367734491825104,0.4077862799167633,0.3354254364967346,0.3990151584148407,0.5422026515007019,0.3566316366195679,0.18169818818569186,0.1810022592544556,0.22208379209041595,0.11580535024404524,0.4253941774368286,0.16697357594966888,0.5894386172294617,0.338456928730011,0.6355087757110596,94.2926788330078,3.329848051071167,21.173133850097656,71.7361068725586,89.85481262207031,1.0,1.0,1.0,1.0,0.0,1.0,0.0,1.0,1.0
Relaxed,99.9931182861328,0.4588075280189514,0.4276779890060425,0.11607640236616135,0.18398188054561607,23,37,93.9355926513672,99.59805297851562,99.785888671875,98.7081298828125,75.43399047851562,85.43807220458984,75.65534210205078,85.95966339111328,0.4227511286735535,0.33508801460266113,0.3919159173965454,0.5337011218070984,0.2634711265563965,0.3155659437179565,0.2375794798135757,0.4804705083370209,0.35632169246673584,0.43871256709098816,0.4581402242183685,0.25892579555511475,0.4850311875343323,0.33469006419181824,0.47385174036026,0.3952439725399017,0.4560002684593201,0.5099625587463379,0.44937801361083984,0.5653641223907471,0.4047544002532959,0.6058449149131775,0.4244693517684937,0.2963205873966217,0.4148724973201752,0.37318992614746094,0.43224066495895386,0.3372775912284851,0.4155007302761078,0.3338820040225983,0.39622125029563904,0.4934456050395966,0.3828913569450377,0.565606415271759,0.4012662172317505,0.537040114402771,0.3850635886192322,0.5306124687194824,0.3230776786804199,0.3808716535568237,0.3118525743484497,0.4544583559036255,0.2827824652194977,0.4109564423561096,0.2306399941444397,0.39570412039756775,0.4227511286735535,0.33508801460266113,0.3919159173965454,0.5337011218070984,0.3866900205612183,0.17530830204486847,0.21501341462135315,0.1804316490888596,0.1341884881258011,0.3648581802845001,0.1618696302175522,0.5331587791442871,0.32015976309776306,0.6112485527992249,104.82286834716795,1.4690051078796391,23.05612754821777,84.60739135742188,92.22801208496094,1.0,1.0,1.0,1.0,0.0,1.0,1.0,0.0,1.0
Relaxed,99.99681854248048,0.3396511375904083,0.4173404574394226,0.14697697758674622,0.06515470892190932,26,40,97.48514556884766,98.92395782470705,99.33665466308594,96.76862335205078,72.40201568603516,78.98650360107422,70.6944808959961,88.82246398925781,0.39493975043296814,0.2838571667671204,0.3170503079891205,0.4055090248584747,0.28928521275520325,0.19644927978515625,0.2244292050600052,0.2975853383541107,0.3208994269371033,0.332998663187027,0.4398092031478882,0.2456154078245163,0.43827664852142334,0.3148418068885803,0.4137245714664459,0.35272362828254705,0.3687479794025421,0.4230858981609345,0.3480672836303711,0.4563360810279846,0.3042689561843872,0.458330899477005,0.4066470265388489,0.2570841908454895,0.37838837504386896,0.3063611388206482,0.400901734828949,0.2903980016708374,0.3899915516376496,0.2797393202781677,0.331254780292511,0.380013108253479,0.3013392686843872,0.4221439063549042,0.3226310908794403,0.4127872288227081,0.3129955530166626,0.40030691027641296,0.3124374747276306,0.2720922827720642,0.2838691174983978,0.31732428073883057,0.2760368883609772,0.27454787492752075,0.2435399442911148,0.23828555643558505,0.39493975043296814,0.2838571667671204,0.3170503079891205,0.4055090248584747,0.4108167886734009,0.14430925250053406,0.2898498475551605,0.06805834174156189,0.184052973985672,0.1674143671989441,0.15346290171146393,0.2848257422447205,0.24115616083145144,0.4118501543998718,130.84536743164062,4.822379112243652,28.11648750305176,78.62799835205078,89.85481262207031,1.0,1.0,1.0,1.0,0.0,1.0,0.0,1.0,1.0
Stressed,99.99519348144531,0.2536172866821289,0.27711501717567444,0.03659771382808685,0.15004177391529086,22,34,99.13604736328124,95.30680084228516,97.08381652832031,92.93214416503906,60.72502136230469,93.36997985839844,62.05432510375977,92.97419738769531,0.20677806437015533,0.22612762451171875,0.2136877477169037,0.3536123335361481,0.11007455736398697,0.248761847615242,0.1157464161515236,0.3544518053531647,0.1849965155124665,0.3069822788238525,0.21693144738674164,0.17140503227710724,0.2447886168956757,0.21314869821071625,0.2465788722038269,0.252972811460495,0.2504657506942749,0.32666322588920593,0.25272098183631897,0.3612223863601685,0.2291124612092972,0.3940669596195221,0.20242272317409515,0.20184586942195887,0.20701855421066284,0.2511419057846069,0.2129916548728943,0.2256278991699219,0.2024141103029251,0.2271367013454437,0.2111785113811493,0.3283592164516449,0.21188554167747486,0.3745850920677185,0.21993759274482727,0.35385516285896296,0.2093161642551422,0.35335686802864075,0.1554085910320282,0.277287095785141,0.15804778039455414,0.32437801361083984,0.1356586366891861,0.3045487701892853,0.1022309586405754,0.3061399459838867,0.20677806437015533,0.22612762451171875,0.2136877477169037,0.3536123335361481,0.15896716713905334,0.13224054872989655,0.05837969481945038,0.17340275645256042,0.03904712200164795,0.3068866729736328,0.07110768556594849,0.3991126716136933,0.17431479692459104,0.4118487834930421,86.1843490600586,3.179853200912476,32.000118255615234,18.456655502319336,53.33004760742188,1.0,1.0,1.0,1.0,1.0,1.0,0.0,1.0,1.0
Stressed,99.99928283691406,0.20568881928920746,0.2907818555831909,0.2762612402439117,0.5279774665832521,28,44,98.98780059814452,98.12248992919922,99.03484344482422,78.4991455078125,76.25360107421875,97.11734771728516,50.04872131347656,96.24755096435548,0.3644924759864807,0.6126334071159363,0.4420631527900696,0.6541344523429871,0.3383829891681671,0.7141221165657043,0.4029270708560944,0.7487340569496155,0.3929029107093811,0.6605194807052612,0.3403469920158386,0.582809567451477,0.3704530894756317,0.5699989199638367,0.3924344480037689,0.5826799869537354,0.4367870092391968,0.6064556241035461,0.4596289098262787,0.6177979707717896,0.4746701419353485,0.6545815467834473,0.3499007225036621,0.6079979538917542,0.3792864978313446,0.621753990650177,0.3661766052246094,0.6062047481536865,0.3633346557617188,0.6171039938926697,0.4261240065097809,0.6468021273612976,0.4546644389629364,0.6640625596046448,0.4439495503902435,0.647814929485321,0.4399183392524719,0.6580920815467834,0.3698620498180389,0.6799197793006897,0.3982294499874115,0.6951786875724792,0.37693431973457336,0.708929181098938,0.3659914135932921,0.7425557374954224,0.3644924759864807,0.6126334071159363,0.4420631527900696,0.6541344523429871,0.3068431615829468,0.6276957392692566,0.28902319073677063,0.7403244376182556,0.3458887040615082,0.8057982921600342,0.4246487319469452,0.8132041692733765,0.4749490320682526,0.7176783680915833,21.53449249267578,2.306100845336914,29.20097351074219,35.7614631652832,32.20803451538086,1.0,1.0,1.0,1.0,1.0,1.0,0.0,1.0,1.0
Stressed,99.99976348876952,0.2636082470417023,0.2924157679080963,0.380821168422699,0.3568571507930756,17,29,97.75877380371094,98.9561538696289,99.35118103027344,99.4686508178711,77.30916595458984,82.07923889160156,94.59829711914062,96.4974365234375,0.5603302717208862,0.4538173973560333,0.5410400032997131,0.5807810425758362,0.4672316908836365,0.4489377439022064,0.4509804546833038,0.5541829466819763,0.5287242531776428,0.524945855140686,0.5790566802024841,0.40391647815704346,0.5986950397491455,0.4519879519939423,0.5932819247245789,0.4910613298416138,0.5823153853416443,0.564216673374176,0.5767912864685059,0.599008321762085,0.5460777878761292,0.6253021955490112,0.5605323314666748,0.4291139543056488,0.5555096864700317,0.4783700704574585,0.5663534998893738,0.4550589919090271,0.5560973286628723,0.4535448551177978,0.5438821315765381,0.5552427172660828,0.5347012877464294,0.6009575724601746,0.5470759868621826,0.5826599597930908,0.5371581315994263,0.5791441798210144,0.5042625665664673,0.4883780181407929,0.4974342584609986,0.5350506901741028,0.4810644686222077,0.509171187877655,0.4491855800151825,0.5013340711593628,0.5603302717208862,0.4538173973560333,0.5410400032997131,0.5807810425758362,0.5277953743934631,0.3515249788761139,0.4268606901168823,0.3622430264949799,0.38834786415100103,0.4844089448451996,0.3946072459220886,0.5859078764915466,0.4869836568832398,0.6291354298591614,101.54110717773438,3.329042434692384,30.603334426879893,64.58392333984375,83.14741516113281,1.0,1.0,1.0,1.0,0.0,1.0,0.0,1.0,1.0
Stressed,99.99408721923828,0.2728477120399475,0.35906490683555603,0.3512870371341705,0.2927702069282532,22,34,92.82872009277344,98.91295623779295,99.3599090576172,98.5186767578125,72.55014038085938,84.05089569091797,89.71583557128906,92.89413452148438,0.4871257245540619,0.3895057737827301,0.5552237033843994,0.4883391559123993,0.4201180040836334,0.4902037978172302,0.4765311479568482,0.5722431540489197,0.5024955272674559,0.4719774723052978,0.4713570177555084,0.3361726105213165,0.5103954076766968,0.345838725566864,0.5299899578094482,0.37652724981307983,0.569110095500946,0.4332483410835266,0.5891363024711609,0.4598933756351471,0.5899937152862549,0.5077694058418274,0.4726529121398926,0.37348327040672297,0.4997040927410126,0.4096660912036896,0.49155193567276,0.3836534321308136,0.484180599451065,0.3938879370689392,0.5408903956413269,0.4694243967533112,0.5648699402809143,0.5070639848709106,0.5599467754364014,0.4828408062458038,0.5515533089637756,0.4915420413017273,0.4682544469833374,0.4737526476383209,0.4933722317218781,0.5100047588348389,0.4651201069355011,0.5126259326934814,0.4400242269039154,0.5427393913269043,0.4871257245540619,0.3895057737827301,0.5552237033843994,0.4883391559123993,0.4140775203704834,0.3557223677635193,0.3517775237560272,0.4747561812400818,0.3925923109054565,0.5981202721595764,0.472269743680954,0.6484028697013855,0.5629832744598389,0.5708113312721252,48.22186660766602,3.581538200378418,28.666906356811523,76.18429565429688,86.86019134521484,1.0,1.0,1.0,1.0,0.0,1.0,0.0,1.0,1.0
Happy,99.99928283691406,0.4624190926551819,0.5499355792999268,0.16066305339336395,0.17267487943172455,23,35,96.5937271118164,99.14309692382812,99.5166244506836,98.27217864990234,82.29935455322266,70.18136596679689,71.30555725097656,93.05711364746094,0.5057555437088013,0.4171569049358368,0.4163545370101929,0.6017739176750183,0.3510151505470276,0.3155148029327393,0.2766171097755432,0.4694564938545227,0.40243804454803467,0.4793187975883484,0.5642341375350952,0.3629341423511505,0.5666566491127014,0.44819337129592896,0.5366966128349304,0.5017734169960022,0.4851954877376557,0.6083447933197021,0.4631840288639069,0.662434995174408,0.4085664451122284,0.6852660775184631,0.5192885398864746,0.3802696168422699,0.4861913919448853,0.4519938230514526,0.5141547322273254,0.4239453077316284,0.4983872175216675,0.41245582699775696,0.4321135878562927,0.5637006163597107,0.3983025252819061,0.6306878328323364,0.4243341088294983,0.6096388697624207,0.40994542837142944,0.5954461693763733,0.3885027766227722,0.4097045361995697,0.3555952310562134,0.4782533943653106,0.3386194109916687,0.41863876581192017,0.2910267114639282,0.3780454099178314,0.5057555437088013,0.4171569049358368,0.4163545370101929,0.6017739176750183,0.5226399302482605,0.2533416152000427,0.34744250774383545,0.16844676434993744,0.2051805704832077,0.301330029964447,0.19009983539581304,0.4961339235305786,0.3276059329509735,0.6580728888511658,123.29405975341795,3.2878246307373047,22.468780517578125,71.45660400390625,60.49041748046875,1.0,1.0,1.0,1.0,0.0,1.0,0.0,1.0,1.0
Happy,99.99742126464844,0.35195767879486084,0.3808044195175171,0.34537315368652344,0.2689420282840729,23,37,97.09260559082031,99.70248413085938,99.91085815429688,97.72979736328124,65.62619781494139,88.69788360595703,74.51385498046875,94.94703674316406,0.5934770107269287,0.4348511397838593,0.5270257592201233,0.5688960552215576,0.4860542118549347,0.3640248477458954,0.4306809902191162,0.4760445952415466,0.5136319398880005,0.4834644496440888,0.6376783847808838,0.3945100903511048,0.634962797164917,0.4571947455406189,0.61185222864151,0.496383547782898,0.5737280249595642,0.5732825398445129,0.5583955645561218,0.6118597984313965,0.5223927497863771,0.6276819705963135,0.6043436527252197,0.4079010486602783,0.5790410041809082,0.4601712822914124,0.5989487171173096,0.4398140013217926,0.5882665514945984,0.431571364402771,0.5388881564140321,0.5411667823791504,0.5145788192749023,0.5894692540168762,0.5322711467742921,0.5744484663009644,0.5226204991340637,0.5643143057823181,0.5082634687423706,0.4318360984325409,0.4839563965797424,0.4813551604747772,0.4724206924438477,0.4390301406383513,0.4402477145195007,0.40999451279640203,0.5934770107269287,0.4348511397838593,0.5270257592201233,0.5688960552215576,0.6169731020927429,0.3137038052082062,0.4930161833763122,0.2548673450946808,0.3832111656665802,0.354544997215271,0.3769878149032593,0.4912160336971283,0.4728363752365112,0.6058586239814758,123.2000503540039,7.038238525390625,18.815561294555664,89.68557739257812,20.92731094360352,0.0,1.0,1.0,1.0,0.0,1.0,1.0,0.0,0.0
Happy,99.99894714355469,0.4471837282180786,0.4342933595180512,0.08180786669254303,0.2200550138950348,22,34,95.76229095458984,99.65194702148438,99.8263168334961,99.7770767211914,79.86930847167969,78.64390563964844,97.9410171508789,64.79608154296875,0.3820396661758423,0.34110426902771,0.3810895085334778,0.5408358573913574,0.2066858410835266,0.3574792742729187,0.20599694550037384,0.5235335826873779,0.3055550456047058,0.44862741231918335,0.4141326248645783,0.26235753297805786,0.44409310817718506,0.3250163495540619,0.4379950761795044,0.38503697514534,0.4373601675033569,0.5009262561798096,0.4428647458553314,0.5581064820289612,0.4124305546283722,0.6124144792556763,0.3802636563777924,0.3038917481899261,0.3795782923698425,0.3802253007888794,0.3913257420063019,0.34056293964385986,0.3738545477390289,0.34158915281295776,0.3789738714694977,0.5011628866195679,0.3789958357810974,0.5754609107971191,0.3903493583202362,0.5417566895484924,0.3729290366172791,0.5398866534233093,0.2744185626506805,0.40511611104011536,0.2741016447544098,0.4799327552318573,0.23428429663181305,0.4430987536907196,0.17932364344596866,0.4416221678256989,0.3820396661758423,0.34110426902771,0.3810895085334778,0.5408358573913574,0.3493635654449463,0.20702774822711945,0.16501951217651367,0.24885113537311554,0.0818151980638504,0.4375658631324768,0.16343192756175995,0.6072907447814941,0.3472373485565185,0.6479992270469666,91.66289520263672,1.1638766527175903,14.623004913330078,63.20273971557617,38.89601135253906,1.0,1.0,1.0,1.0,0.0,1.0,0.0,1.0,0.0
Happy,99.9979248046875,0.339232861995697,0.3271949291229248,0.4597712755203247,0.3422077298164368,29,45,79.9367446899414,99.7172622680664,99.89739227294922,99.62958526611328,65.34999847412111,91.58744049072266,83.6404800415039,84.38097381591797,0.6897041201591492,0.456559032201767,0.6727394461631775,0.6073788404464722,0.5715910196304321,0.4504833817481994,0.5574086904525757,0.5760509371757507,0.637217104434967,0.5400297641754149,0.715584933757782,0.3973447382450104,0.7344326376914978,0.4535619616508484,0.7267767786979675,0.499816358089447,0.7169516682624817,0.5866300463676453,0.7148312330245972,0.6281318664550781,0.6862859725952148,0.6601544022560121,0.6905982494354248,0.4272143542766571,0.6849421262741089,0.4857175946235657,0.6963936686515808,0.4578531384468079,0.6842046976089478,0.4561467468738556,0.6746806502342224,0.5769415497779846,0.667779266834259,0.631562352180481,0.679370641708374,0.6094303131103516,0.6675018072128296,0.6054898500442505,0.6147716641426086,0.4973672926425934,0.6086494326591492,0.5531280040740967,0.5853974223136902,0.5222819447517395,0.5473273396492004,0.5135205388069153,0.6897041201591492,0.456559032201767,0.6727394461631775,0.6073788404464722,0.6679975986480713,0.3367348909378052,0.5402810573577881,0.3501858115196228,0.4780345559120178,0.4948488175868988,0.5112427473068237,0.6169236302375793,0.6315057277679443,0.6664907932281494,98.81432342529295,4.746918678283691,23.08209991455078,80.4386215209961,26.1773681640625,1.0,1.0,1.0,1.0,0.0,1.0,1.0,0.0,1.0
Relaxed,99.9996566772461,0.3766952157020569,0.3614707291126251,0.15781477093696594,0.2577103078365326,23,35,98.36376190185548,97.09141540527344,99.19938659667969,99.57589721679688,67.16785430908203,79.05050659179688,77.2153549194336,89.98631286621094,0.4035730063915253,0.36727139353752136,0.3999873101711273,0.542025089263916,0.25862687826156616,0.3818427920341492,0.25575804710388184,0.5270569920539856,0.34020665287971497,0.4721376895904541,0.4313929378986359,0.29459241032600403,0.4558914005756378,0.35537707805633545,0.450192928314209,0.4097033739089966,0.4480161666870117,0.5106311440467834,0.4516709744930267,0.5584454536437988,0.4252887666225433,0.6000751852989197,0.4025124311447144,0.3334079682826996,0.4011389017105103,0.4013442695140839,0.4113917648792267,0.3674379289150238,0.3968659341335297,0.3677004277706146,0.3989446759223938,0.5070881247520447,0.39779072999954224,0.5706431269645691,0.4077868461608887,0.5432590842247009,0.3934003710746765,0.5409886240959167,0.31413358449935913,0.4271441698074341,0.3129602670669556,0.4921926259994507,0.2805154323577881,0.4610868394374848,0.2348808944225312,0.4579914212226868,0.4035730063915253,0.36727139353752136,0.3999873101711273,0.542025089263916,0.37738263607025146,0.2332414537668228,0.22325430810451508,0.27140194177627563,0.153232142329216,0.4491337537765503,0.21776168048381805,0.5830425620079039,0.3699358701705933,0.617382824420929,92.07913208007812,7.109546661376952,11.197200775146484,56.22782897949219,86.86019134521484,1.0,1.0,1.0,1.0,0.0,1.0,0.0,1.0,1.0
Relaxed,99.99945068359376,0.3493524491786957,0.3546106219291687,0.2307311445474625,0.2528224289417267,30,46,90.56671905517578,97.4392318725586,99.11939239501952,99.4279327392578,67.84042358398439,84.71656036376953,98.8155746459961,57.5119743347168,0.4608610570430756,0.33855414390563965,0.4615506529808045,0.5022337436676025,0.33172062039375305,0.347025603055954,0.3319694399833679,0.4833183288574219,0.4093734920024872,0.4063690304756165,0.4831862449645996,0.28146854043006897,0.5080844163894653,0.3241165280342102,0.5046718120574951,0.3695371448993683,0.5050809383392334,0.46384012699127203,0.5088579654693604,0.5137804746627808,0.4843762218952179,0.5669304728507996,0.4588736295700073,0.31059080362319946,0.4593743681907654,0.3705993294715881,0.4680249392986298,0.3374990224838257,0.4548987746238709,0.33879923820495605,0.4598152935504913,0.4695989191532135,0.4596971273422241,0.5324881076812744,0.4687051177024841,0.5020484924316406,0.4554995000362396,0.500953733921051,0.3829096257686615,0.38184523582458496,0.3830099403858185,0.4424917697906494,0.3535922169685364,0.410155713558197,0.3119749426841736,0.4102528095245361,0.4608610570430756,0.33855414390563965,0.4615506529808045,0.5022337436676025,0.4299555122852325,0.2568607032299042,0.2928389310836792,0.284647673368454,0.2367634475231171,0.4131551682949066,0.2934587895870209,0.5748167634010315,0.4312911033630371,0.6152096390724182,87.60133361816406,-5.947219371795652,16.058219909667972,76.70939636230469,53.33004760742188,1.0,1.0,1.0,1.0,0.0,1.0,0.0,1.0,1.0
Relaxed,99.99768829345705,0.3592556715011597,0.36988365650177,0.2252498418092728,0.04375872761011124,20,32,97.4759750366211,95.26712036132812,97.9761962890625,99.48407745361328,71.70539855957031,78.94669342041016,98.18170166015624,70.29241180419922,0.4586706757545471,0.12845295667648315,0.465031087398529,0.2980878949165344,0.3235313892364502,0.1446806639432907,0.328365296125412,0.2860665619373321,0.4006846249103546,0.1923495233058929,0.4820612370967865,0.07108081877231598,0.5062940120697021,0.10898441821336746,0.5031724572181702,0.15453751385211945,0.5069735646247864,0.2521350681781769,0.5138353705406189,0.30535683035850525,0.4932869374752045,0.3667476773262024,0.4563887417316437,0.10069972276687622,0.4581792056560517,0.16177009046077728,0.4657540321350098,0.1264168918132782,0.4523820877075195,0.12896348536014554,0.4620874226093292,0.2643082141876221,0.4648860394954682,0.3307011425495148,0.472165584564209,0.2969072759151459,0.4585774838924408,0.2970426678657532,0.3760083019733429,0.17416134476661682,0.3781930506229401,0.23707254230976105,0.3457525968551636,0.2044980823993683,0.3031277060508728,0.2084229737520218,0.4586706757545471,0.12845295667648315,0.465031087398529,0.2980878949165344,0.4328846037387848,0.05980600416660309,0.28942716121673584,0.09506481885910034,0.2274001985788345,0.2201384156942368,0.300151526927948,0.3959760367870331,0.4469046592712401,0.4309710860252381,87.81443786621094,-6.133925914764402,16.447772979736328,73.04817962646484,53.33004760742188,1.0,1.0,1.0,1.0,0.0,1.0,0.0,1.0,1.0
Relaxed,99.99630737304688,0.4724674224853516,0.4377730190753937,0.09096777439117433,0.2223778516054153,23,35,97.6015853881836,97.91802978515624,98.6031265258789,98.80540466308594,82.03203582763672,76.1052017211914,89.01338195800781,84.9416275024414,0.3952326476573944,0.3491575717926025,0.4025453329086304,0.5557220578193665,0.2326313853263855,0.3860481381416321,0.23834048211574554,0.5576456785202026,0.34729433059692383,0.4741622507572174,0.4164532423019409,0.2620689868927002,0.4568271040916443,0.3268149197101593,0.457027018070221,0.3902685344219208,0.4613161087036133,0.5095210075378418,0.4656594693660736,0.5665750503540039,0.4298718869686127,0.6225185990333557,0.3897015154361725,0.3104535639286041,0.3947144150733948,0.3895352184772492,0.4050022959709168,0.3479517102241516,0.3877948522567749,0.35055121779441833,0.39917120337486267,0.5145758390426636,0.3998967707157135,0.5904104709625244,0.4124349355697632,0.5556586980819702,0.39517703652381897,0.5550898313522339,0.30421414971351624,0.4290083646774292,0.3071798980236053,0.5054835677146912,0.26976293325424194,0.4727522432804108,0.2151669859886169,0.4761419892311096,0.3952326476573944,0.3491575717926025,0.4025453329086304,0.5557220578193665,0.3311307430267334,0.20567630231380465,0.16105841100215912,0.2705225348472595,0.1140327975153923,0.4797994196414948,0.1758766770362854,0.6369689702987671,0.3485736846923828,0.6585448384284973,86.68614196777344,4.286845684051514,21.196802139282227,71.62094116210938,89.85481262207031,1.0,1.0,1.0,1.0,0.0,1.0,0.0,1.0,1.0
Relaxed,99.98648071289062,0.4537902474403381,0.4239909946918488,0.1044669672846794,0.2407775819301605,23,35,92.81163024902344,98.74664306640624,99.29792022705078,98.78889465332031,76.1183090209961,83.07221221923828,55.50897216796875,89.07816314697266,0.3963282108306885,0.3655958771705627,0.4009604752063751,0.5679377913475037,0.23929423093795776,0.396947979927063,0.24271787703037265,0.5649756789207458,0.3492777049541473,0.484029084444046,0.4178290963172913,0.2817021012306213,0.4562552273273468,0.3450591564178467,0.4557837247848511,0.4066847562789917,0.4585178792476654,0.5233817100524902,0.4619624316692352,0.579706072807312,0.4265598952770233,0.6346239447593689,0.391426682472229,0.3278766572475433,0.395402729511261,0.4050484895706177,0.4058201014995575,0.3645741641521454,0.3891889154911041,0.3667152523994446,0.3982447385787964,0.5275195240974426,0.3979600965976715,0.6020243763923645,0.4105500280857086,0.5679861903190613,0.39389535784721375,0.5670255422592163,0.30790311098098755,0.4401649534702301,0.3098394572734833,0.514968991279602,0.274187833070755,0.4817324876785278,0.2214329093694687,0.4837976694107056,0.3963282108306885,0.3655958771705627,0.4009604752063751,0.5679377913475037,0.3356926441192627,0.22691357135772705,0.1707514226436615,0.2853306829929352,0.12348508834838867,0.4856244921684265,0.18071168661117554,0.6438071131706238,0.3472268283367157,0.6701478362083435,87.64469909667969,3.9245235919952393,22.29494857788086,83.7238998413086,92.22801208496094,1.0,1.0,1.0,1.0,0.0,1.0,0.0,1.0,1.0
Relaxed,99.9878158569336,0.3690999746322632,0.3282283544540405,0.0733523890376091,0.35025984048843384,23,37,98.3547592163086,98.42503356933594,99.0050811767578,97.8927230834961,79.28683471679688,71.59385681152344,79.2486343383789,84.42330932617188,0.3147847652435303,0.4158885180950165,0.312785267829895,0.5771833062171936,0.19178012013435364,0.4162970185279846,0.18953309953212727,0.5505383610725403,0.2794564068317413,0.4739169478416443,0.3322408199310303,0.3627605140209198,0.36301252245903015,0.4033525586128235,0.3616601228713989,0.44691652059555054,0.3604618608951569,0.5400024652481079,0.3605496287345886,0.5904072523117065,0.3286141157150269,0.6440171599388123,0.31155097484588623,0.3890197277069092,0.3128545880317688,0.4473003447055817,0.3224813342094421,0.414993017911911,0.30922001600265503,0.41579604148864746,0.3116679787635803,0.5449408888816833,0.3086378276348114,0.6074603796005249,0.32042184472084045,0.5771442651748657,0.3070905804634094,0.5754408836364746,0.2453143894672393,0.4519638121128082,0.2442933917045593,0.5115273594856262,0.2179919332265854,0.4775389134883881,0.17589962482452393,0.4759253859519959,0.3147847652435303,0.4158885180950165,0.312785267829895,0.5771833062171936,0.2642577588558197,0.3418225646018982,0.13481907546520233,0.3609027266502381,0.09695960581302644,0.4770191311836242,0.13018172979354858,0.6460212469100952,0.2593971788883209,0.6947779655456543,90.1865234375,-7.986553192138673,25.23008728027344,76.7620849609375,89.85481262207031,1.0,1.0,1.0,1.0,0.0,1.0,0.0,1.0,1.0
Stressed,99.99845123291016,0.23778414726257324,0.2888005971908569,0.19871333241462708,0.3864799439907074,29,45,98.93682861328124,99.20057678222656,99.60670471191406,97.0207977294922,63.71175003051758,96.33575439453124,59.61756896972656,96.7304916381836,0.343566358089447,0.449977308511734,0.3792877793312073,0.5543479323387146,0.27189695835113525,0.5034800767898561,0.3014813661575317,0.5905774235725403,0.342096209526062,0.5161314010620117,0.33975133299827576,0.4043093323707581,0.3702182769775391,0.4239368736743927,0.38040846586227417,0.4547052681446075,0.4009159803390503,0.514600932598114,0.4114339351654053,0.5442418456077576,0.401897132396698,0.5853482484817505,0.3347402811050415,0.43257689476013184,0.34960874915122986,0.4709942638874054,0.3482007086277008,0.4468810558319092,0.3402543067932129,0.4525041282176971,0.3712078332901001,0.5340815186500549,0.3830789923667908,0.5735825896263123,0.3840779960155487,0.551629900932312,0.3755829632282257,0.5556347370147705,0.3130944967269897,0.5083592534065247,0.3262113332748413,0.5465981960296631,0.3034855127334595,0.5374838709831238,0.2774809002876282,0.5526336431503296,0.343566358089447,0.449977308511734,0.3792877793312073,0.5543479323387146,0.2881984114646912,0.4044384360313416,0.2168700993061065,0.4745088815689087,0.2284060120582581,0.5809378623962402,0.27953559160232544,0.6570901274681091,0.3659321069717407,0.6309821009635925,66.10781860351561,0.9141251444816588,27.38121032714844,35.420021057128906,32.20803451538086,1.0,1.0,1.0,1.0,1.0,1.0,1.0,0.0,1.0
Stressed,99.99976348876952,0.26166561245918274,0.279697984457016,0.3842245638370514,0.3602202236652374,20,32,97.46405792236328,99.20732879638672,99.5106201171875,99.2656021118164,76.3248062133789,84.183837890625,90.48613739013672,95.52220916748048,0.5527665615081787,0.4407064914703369,0.5517059564590454,0.568970799446106,0.4614044725894928,0.4577543139457703,0.4602378308773041,0.5640526413917542,0.5308535099029541,0.5177951455116272,0.5647044777870178,0.3873579204082489,0.5898244380950928,0.429832398891449,0.5897584557533264,0.4692632555961609,0.5892410278320312,0.5430600047111511,0.5889306664466858,0.5781655311584473,0.5634300708770752,0.6107663512229919,0.5497312545776367,0.4165031909942627,0.5515897274017334,0.4657173752784729,0.5587798953056335,0.4404973387718201,0.5486829280853271,0.4414020776748657,0.5509849786758423,0.5433597564697266,0.5485372543334961,0.5900154113769531,0.5577970743179321,0.5693527460098267,0.5477550029754639,0.5682344436645508,0.5027729272842407,0.4876014292240143,0.502602219581604,0.5346711277961731,0.482979029417038,0.513343870639801,0.4510830342769623,0.5131081938743591,0.5527665615081787,0.4407064914703369,0.5517059564590454,0.568970799446106,0.5091031789779663,0.3477843105792999,0.41215717792510986,0.38211148977279663,0.3900942802429199,0.5107977986335754,0.4118015170097351,0.6076984405517578,0.5079636573791504,0.6278061270713806,90.24691772460938,2.486932277679444,29.415363311767567,64.01264953613281,83.14741516113281,1.0,1.0,1.0,1.0,0.0,1.0,0.0,1.0,1.0
Stressed,99.9996337890625,0.27537018060684204,0.3028118312358856,0.367902398109436,0.3173110783100128,22,34,93.12061309814452,99.27582550048828,99.5791244506836,98.88916778564452,69.46958160400389,87.61029052734375,82.60199737548828,94.45663452148438,0.5478561520576477,0.4057333767414093,0.5464891791343689,0.5399571657180786,0.4476451873779297,0.4209209978580475,0.4462880492210388,0.5322304368019104,0.5187643170356749,0.4829125702381134,0.5624358654022217,0.3511843383312225,0.5872636437416077,0.3947045505046845,0.586223304271698,0.4355117678642273,0.5854885578155518,0.5128682255744934,0.5859024524688721,0.5502234101295471,0.5604607462882996,0.5852885842323303,0.5451838374137878,0.3806279003620148,0.5464745163917542,0.4319342374801636,0.5541341304779053,0.40548789501190186,0.5433381199836731,0.4063299298286438,0.5456695556640625,0.5131899714469911,0.5435078144073486,0.5623962879180908,0.5528154373168945,0.5404050946235657,0.5420715808868408,0.5391671657562256,0.4912738204002381,0.4523920714855194,0.4909299314022064,0.5018618106842041,0.4691835939884186,0.4786539673805237,0.4351061582565308,0.4780767261981964,0.5478561520576477,0.4057333767414093,0.5464891791343689,0.5399571657180786,0.507563054561615,0.3117155730724335,0.4013952016830444,0.3445708453655243,0.37098878622055054,0.4755180180072784,0.4000979065895081,0.5816572308540344,0.5054290294647217,0.6054448485374451,91.36071014404295,2.244523286819458,25.1477108001709,76.16020965576172,86.86019134521484,1.0,1.0,1.0,1.0,0.0,1.0,0.0,1.0,1.0
Happy,99.9990234375,0.4572535753250122,0.4796171486377716,0.17015555500984192,0.30004337430000305,23,37,96.0963363647461,99.21600341796876,99.57138061523438,98.90072631835938,80.41981506347656,72.75569152832031,67.27171325683594,91.4591064453125,0.464850902557373,0.43049681186676025,0.4806958436965942,0.6503966450691223,0.2969963550567627,0.4782258570194245,0.3098534345626831,0.6608670353889465,0.4167751371860504,0.5629352927207947,0.4849492311477661,0.3381473124027252,0.5279909968376161,0.4031604528427124,0.5300842523574829,0.4700751900672913,0.5392870306968689,0.5967876315116882,0.5466506481170654,0.6579632163047789,0.5131539702415466,0.7215941548347473,0.4580455422401428,0.3900580704212189,0.4660074412822723,0.4737443923950195,0.4748784303665161,0.42858263850212097,0.4572008550167084,0.4324933886528015,0.475618988275528,0.6068146824836731,0.4797568321228027,0.6879770755767822,0.4908808171749115,0.6496210694313049,0.4730117619037628,0.6501957178115845,0.37199628353118896,0.519564688205719,0.3780701458454132,0.600806474685669,0.3374781608581543,0.5676760673522949,0.28120434284210205,0.5747694969177246,0.464850902557373,0.43049681186676025,0.4806958436965942,0.6503966450691223,0.3977845311164856,0.28703591227531433,0.2220547050237656,0.3648527562618256,0.17706914246082306,0.585757315158844,0.2515838146209717,0.7540155053138733,0.4336327314376831,0.7683593630790709,83.78376007080078,4.028817653656007,19.962873458862305,66.47653198242189,67.22731018066406,1.0,1.0,1.0,1.0,0.0,1.0,0.0,1.0,1.0
Happy,99.99917602539062,0.3366502225399017,0.33397600054740906,0.3279838562011719,0.3929927051067352,23,35,97.15382385253906,99.61892700195312,99.87474822998048,98.34658813476562,72.55078887939453,86.4798812866211,62.02567672729492,97.57522583007812,0.5522566437721252,0.4669498205184937,0.5452105402946472,0.6278969049453735,0.4336417317390442,0.4650099575519562,0.42735809087753296,0.5992001295089722,0.5060837268829346,0.5270060300827026,0.5742512345314026,0.4140941202640533,0.5974134802818298,0.4565955996513367,0.5928890705108643,0.5002977252006531,0.5889028310775757,0.5926970839500427,0.5893251299858093,0.6423760056495667,0.5620298981666565,0.6940305233001709,0.5512368083000183,0.43986040353775024,0.5494121909141539,0.49841654300689703,0.5591411590576172,0.4664663970470429,0.5467881560325623,0.466852217912674,0.5451857447624207,0.5957189202308655,0.5415996313095093,0.6576682925224304,0.5520686507225037,0.6281009912490845,0.5397328734397888,0.6260988712310791,0.4798977077007294,0.5027350783348083,0.4771477282047272,0.5619778037071228,0.451906144618988,0.5278418064117432,0.4128188490867615,0.5250066518783569,0.5522566437721252,0.4669498205184937,0.5452105402946472,0.6278969049453735,0.5214670896530151,0.3893212676048279,0.3937066793441773,0.4054959714412689,0.34096235036849976,0.5230367779731749,0.3807295858860016,0.688629686832428,0.5060202479362488,0.7399393916130066,92.45034790039062,-7.5691890716552725,19.322973251342773,87.72789764404297,32.20803451538086,0.0,1.0,1.0,1.0,0.0,1.0,0.0,1.0,0.0
Happy,99.9984893798828,0.4483450651168823,0.4414125680923462,0.0748760849237442,0.2423508614301681,22,34,96.59039306640624,99.6396026611328,99.81781768798828,99.82966613769531,83.13270568847656,77.4766845703125,97.82142639160156,57.14736557006836,0.3672630786895752,0.3644964694976807,0.3869814276695252,0.5626779198646545,0.1947748064994812,0.4122987985610962,0.2111639678478241,0.5770846009254456,0.3019318580627441,0.4844616055488586,0.3911836743354797,0.28028547763824463,0.4271164834499359,0.3369300365447998,0.4271862208843231,0.3974766135215759,0.4385499656200409,0.5123757719993591,0.45005232095718384,0.5680512189865112,0.4258185625076294,0.6273472905158997,0.3617041110992432,0.3278883099555969,0.36887094378471375,0.4035818576812744,0.3763943910598755,0.362210214138031,0.3591963648796081,0.3663366436958313,0.3807995617389679,0.5235500931739807,0.388544887304306,0.597270667552948,0.3962427973747253,0.561782956123352,0.3787929117679596,0.5630357265472412,0.2669050693511963,0.4468720853328705,0.27432605624198914,0.5210652947425842,0.2309613972902298,0.4917493760585785,0.17631559073925018,0.500198245048523,0.3672630786895752,0.3644964694976807,0.3869814276695252,0.5626779198646545,0.3217553496360779,0.23731085658073425,0.1430366188287735,0.3121178150177002,0.07935843616724014,0.5139558911323547,0.17867062985897064,0.6675977110862732,0.3654266595840454,0.674527645111084,82.31620788574219,0.30604690313339233,15.663308143615724,63.670082092285156,38.89601135253906,1.0,1.0,1.0,1.0,0.0,1.0,0.0,1.0,0.0
Happy,99.99919891357422,0.33705493807792664,0.3291939198970795,0.4627122282981873,0.3002537190914154,30,46,73.12388610839844,99.57839965820312,99.869384765625,99.83859252929688,69.91902923583984,89.31159973144531,78.5105972290039,80.30437469482422,0.6791412234306335,0.4051308035850525,0.6847904324531555,0.5567438006401062,0.5629826188087463,0.4326446354389191,0.5676233768463135,0.558757483959198,0.6398217082023621,0.5064404010772705,0.6960352063179016,0.3381446301937103,0.7223941683769226,0.39041805267333984,0.7216625809669495,0.4385715126991272,0.7248669266700745,0.5257989168167114,0.729038417339325,0.5658308863639832,0.7062870860099792,0.6022167801856995,0.675771951675415,0.3755796551704407,0.678871750831604,0.4347687959671021,0.6858619451522827,0.4047561585903168,0.6737669110298157,0.4062317609786987,0.6822875738143921,0.526468813419342,0.6836602687835693,0.5809361934661865,0.6915832757949829,0.5571014881134033,0.6794981360435486,0.5563136339187622,0.6120853424072266,0.4676444232463837,0.6143963932991028,0.5236329436302185,0.5871027112007141,0.5005996823310852,0.5488197803497314,0.5018943548202515,0.6791412234306335,0.4051308035850525,0.6847904324531555,0.5567438006401062,0.641319215297699,0.28605836629867554,0.5185608267784119,0.335697203874588,0.4787384569644928,0.5006225109100342,0.5299325585365295,0.6036359071731567,0.6545426249504089,0.6173741221427917,84.22540283203125,3.621590614318848,25.357954025268555,80.50894927978516,26.1773681640625,1.0,1.0,1.0,1.0,0.0,1.0,1.0,0.0,1.0
